796,Berthil ter Avest
1594,Raymond Kalla
4155,Maikel Aerts
4325,Richard Witschge
4334,Jelle ten Rouwelaar
4348,Leandro Bonfim
4353,Lindsay Wilson
4357,Klaas-Jan Huntelaar
4377,Thomas Buffel
4381,Brian Pinas
4382,Ferne Snoyl
4384,Yves Lenaerts
4390,Jacob de Vries
4391,Boy Waterman
4402,Abdelhali Chaiat
4406,Abgar Barsom
4418,Michael Jansen
4422,Marian Zeman
4428,Aleksandar Rankovic
4435,Kalle Sone
4437,Chong-Gug Song
4449,Adnan Barakat
4450,Anouar Diba
4456,Arne Slot
4461,Anouar Hamdi
4462,Faysal Houba
4471,Robert van Boxel
4478,Jordy Zuidam
4480,Rodney Cairo
4481,Marinus Dijkhuizen
4486,Kris Ottoy
4491,Serginho Greene
4497,Tim Aelbrecht
4501,Michael van der Heijden
4502,Koen van der Heyden
4510,Jason Oost
4515,Henry Timmer
4523,Antonio Correia
4528,Gary Spier
4533,Anouar Hadouir
4543,Juha Reini
4559,Gerald Sibon
4569,David Johnson
4583,Cees Paauwe
4590,Jan Verlinden
4592,Ji-Sung Park
4595,Nelson da Costa
4605,Vladan Kujovic
4613,Jérôme Colinet
4616,Alain van Mieghem
4621,Hannu Haarala
4624,Jos Hooiveld
4639,Raymond Bronkhorst
4648,Pedro Kamatà
4653,Erwin Friebel
4654,Wim de Ron
4655,Eric Hellemons
4656,Sander Keller
4657,Sampo Koskinen
4660,Juan Viedma Schenkhuizen
4661,Melvin Fleur
4662,Edwin de Graaf
4663,Pascal Heije
4664,Ramon Luijten
4665,Peter Maseland
4666,Marcel van der Sloot
4667,Björn Daelemans
4668,Geert den Ouden
4670,Henk Vos
4671,Jeroen van Wetten
4672,Nigel de Jong
4673,Wesley Sneijder
4675,Jari Litmanen
4691,Peter Niemeyer
4693,Wilko de Vogt
4694,Collins John
4696,Ricky Bochem
4697,Eldridge Rojer
4698,Stijn Schaars
4702,Jorge Acuña
4745,Zbigniew Malkowski
6156,Young-Pyo Lee
6169,Ray Fränkel
6231,Ruud Kras
6853,Mark-Jan Fledderus
6854,Petter Hansson
6855,Georgios Samaras
6856,Spase Dilevski
7276,Yasin Karaca
7284,Tjeerd Korf
7286,Bert Zuurman
7288,Diederik Boer
7290,Johan van der Werff
7292,Remco Schol
7295,Dominggus Lim-Duan
7296,Robert-Jan Ravensbergen
7298,Marco Roelofsen
7299,Morten Karlsen
7301,André de Ridder
7302,Ivan Tsvetkov
7303,Albert van der Haar
7305,Arjan Bosschaart
7970,Gill Swerts
7972,Sebastián Pardo
12084,Damiën Hertog
12085,Tininho
12089,Ebou Sillah
12090,Nordin Wooter
12114,Jamal Akachar
12119,Seydihan Baslanti
12142,Michel Bastos
12144,Kare Becker
13445,Jurgen Cavens
14124,Ramon Zomer
14863,Sander Duits
14865,Wouter Jansen
14876,Cihan Yalcin
15600,Özcan Özkaya
15689,Erik Korchagin
16912,Steve Olfers
17261,Jasar Takak
19050,Danny Buijs
19051,Jason Culina
19058,Patrick Mtiliga
19343,Cor Varkevisser
21403,Emile van de Meerakker
21485,Pascal de Nijs
21490,Mounir El Hamdaoui
21496,Brett Holman
21507,Cecilio Lopes
21509,Shelton Martis
21516,Ronnie Nouwen
21519,Jordi Reneerkens
21520,Richard Roelofsen
21544,Jörg van Nieuwenhuijzen
21564,Henk van Steeg
21607,Robert Wijnands
21621,Henry Louwdijk
24498,Michel Breuer
24877,Ronnie Stam
26007,Pedrag Filipovic
30609,Stephan van Hoving
31902,Arjan Christianen
33671,Robert Zwinkels
34379,Jesper Hogedoorn
35258,Nam-Il Kim
50361,Daniel
50468,Jan Frederiksen
55317,Edno
89346,Eric Jan Lijzen
102538,Donovan Maury
133929,Kevin Nicolay
148449,Carlo L'Ami
150810,Michel Doesburg
186406,Martijn Jansen
186412,Peter Blom
186413,Marcel Boudesteyn
186414,Jean Paulo
186417,Martijn Besselink
186418,Bart Fiegel
186419,Dennis Jos
186420,Leo Koswal
186423,Dick Tijdeman
