8518,Freddy Adu
26336,Ivan Bandalovski
29977,Branko Ilic
33222,Ugo Ukah
36044,Milos Pavlovic
36178,Ivan Vukovic
38634,Pavle Popara
46356,Zoran Belosevic
46691,Predrag Govedarica
47512,Tomislav Ivicic
50298,Anej Lovrecic
50352,Davor Skerjanc
58917,Anton Zemlyanukhin
60477,Miloš Milinovic
60782,Dusan Tesic
60854,Dejan Radosavljevic
61168,Darko Bulatovic
61225,Baco Nikolic
61277,Miloš Dragojevic
62233,Javier Cohene
70869,Gregor Balazic
74298,Zlatko Liscevic
85046,Gradimir Grujicic
86917,Fabrício
94306,Aleksandar Djokovic
97859,Evgen Pavlov
106238,Uros Mirkovic
107178,Godwin Osei Bonsu
114061,Taianan
119799,Dejan Djermanovic
129392,Saša Jovanovic
129417,Marko Tomic
130952,Stefan Draskovic
132236,Josh Parker
132994,Dragan Jankovic
134187,Michael Tawiah
136556,Risto Mitrevski
138841,Predrag Jovic
139596,Milos B. Radulovic
139716,Luka Sindjic
141483,Falcão
143565,Marko Markovic
144250,Igor Zonjic
144339,Risto Radunovic
145339,Radomir Milosavljevic
146017,Marko Milosevic
152314,David Poljanec
155604,Miloje Prekovic
157532,Lazar Arsic
159155,Armin Masovic
160989,Milorad Balabanovic
161365,Dragomir Nikolic
162084,Stevan Zivkovic
163555,Bruno Matos
169268,Milan Radin
169841,Vladimir Golemic
181686,Matija Ljujic
183124,Milos Antic
186881,Tome Kitanovski
189773,Matija Protic
192727,Milos Crnomarkovic
193216,Petar Orlandic
193289,Daniel Avramovski
196939,Dragoljub Andjelkovic
196940,Veljko Antonijevic
196961,Marko Gobeljic
197014,Nemanja Stojanovic
197650,Emir Dautovic
212631,José Gutiérrez
215038,Uros Nikolic
220769,Nikola Asceric
220780,Zoran Marusic
220782,Nikola Mladenovic
221000,Petar Petrovic
231354,Dusan Jovancic
236209,Baurzhan Turysbek
236895,Milan Jevtovic
236908,Nikola Nesovic
236909,Lazar Obradovic
238420,David Kokhia
239083,Nemanja Trajkovic
251811,Joseph Cudjoe
257463,Marko Mijailovic
257471,Strahinja Karisic
262095,Marko Drobnjak
262652,Mladen Sarajlin
266460,Moro Abubakar
267056,Mico Kuzmanovic
269003,Filip Eric
270201,Alen Masovic
271455,Mihailo Ristic
274327,Nikola Cuckic
274340,Andrija Majdevac
274341,Milos Manojlovic
274344,Djordje Nikolic
274352,Zoran Svonja
274356,Dusan Zivkovic
277671,Nemanja Ahcin
281418,Aleksandar Jankovic
293260,Nikola Vujnovic
294548,Dragan Karanov
300901,Almedin Zilkic
301743,Martin Hristov
304294,Milos Cudic
309922,Filip Matovic
310644,José Mina
315561,Milan Makaric
318123,Nikola Fimic
318300,Rashid Abdul Obuobi
322800,Srdjan Plavsic
330577,Miladin Vujosevic
332281,Nenad Kocovic
332664,Mladen Stoicev
333935,Miodrag Todorovic
334125,Predrag Stanimirovic
334126,Todor Petrovic
334447,David Nikolic
334551,Branimir Jocic
334818,Milos Milisavljevic
334825,Luka Sarac
335582,Danijel Zlatkovic
336454,Marko Mrkic
336834,Pape Mamadou Mbodj
336849,Darko Dejanovic
341616,Milan Gasic
341999,Dusan Cubrakovic
343117,Maksim Fedin
343297,Djordje Basanovic
343958,Jovan Nisic
343964,Petar Milic
344915,Slavisa Radovic
345464,Jeremiah Dabrowski
345844,Nemanja Stankovic
348119,Nemanja Belakovic
354047,Marko Brankovic
354048,Miroslav Markovic
354214,John Mary
354739,Baba Salia
357498,Dusan Vlahovic
358647,Michel Vaillant
358828,Bojan Miljus
358845,Djordje Ivanovic
358846,Zeljko Zeradjanin
358898,Strahinja Urosevic
359008,Aleksandar Miletic
359009,Marko Kostic
359010,Ivan Zivanovic
359437,Dragan Trajkovic
359439,Stefan Andric
359440,Jovan Lukic
359441,Zeljko Goljovic
360450,Milos Vranjanin
363289,Samuel Nnamani
363295,Bogdan Mladenovic
364520,Nemanja Djekic
365240,Alexander Spoljaric
370562,Milan Sekulic
370563,Petar Gigic
371949,Zoran Mihajlovic
374075,Anes Rusevic
374637,Milos Kukolj
374866,Damjan Gojkov
377918,Nenad Radonjic
377919,Filip Djurovic
377920,Vasilije Veljko Milovanovic
377921,Nemanja Milosevic
377922,Nikola Nedeljkovic
377923,Ivan Plazinic
378129,Lazar Milutinovic
378132,Milos Tatovic
